Recipient,Relationship,Draft_MD,Delivery_Timing,Last_Updated,Media_Link
Alex,Partner/Spouse,"My love,
Thank you for our ordinary days — the walks, the coffee, the quiet laughter. 
If the world feels heavy, remember: you gave me a life I loved. 
Always yours.
",Anytime,2025-08-22,link_to_video_message.mp4
Jamie,Child,"Sweetheart,
You are braver than you think. When life is confusing, do one kind thing — for yourself or someone else — and let the next step appear.
With all my love.
",Milestone (18th birthday),2025-08-22,
