Section,Content_MD
Instructions,"💡 Use this space to write heartfelt letters to your loved ones. These can be messages of encouragement, gratitude, or personal stories you want them to remember. Keep them warm and personal, not formal or legalistic."
Suggested AI Prompt,"```
Write a warm, loving letter to [recipient], who is my [relationship]. The letter should feel personal, simple, and compassionate. It should include a memory of [memory or moment], share encouragement for their future, and close with affection. Keep it 150–250 words, plain language, no clichés, and no legal tone.
```"
