Section,Content_MD
Instructions,"💡 This space helps draft obituary text in advance. Keep it factual, respectful, and aligned with your wishes. Loved ones can use this as a guide when the time comes."
Suggested AI Prompt,"```
Draft a respectful obituary for [Name]. Include: their roles in life ([roles]), qualities they were known for ([qualities]), and contributions they made ([stories/achievements]). Close with details of the memorial ([venue/date]) and optional note about charity. Keep it 120–180 words, warm but not flowery.
```"
