Task,Timeframe,Status,Owner,Due Date,Notes,Overdue
EXAMPLE — Secure residence and important documents,Day 1,To Do,Jane Doe,,"Collect wallet, IDs, legal docs; change locks if needed.",
EXAMPLE — Order multiple death certificates,Week 1,To Do,Jane Doe,,Order 10–12 copies for banks/insurers.,
EXAMPLE — Notify banks and freeze accounts,Week 1,To Do,Jane Doe,,See Financial & Assets list.,
EXAMPLE — File life insurance claim,Month 1,To Do,Jane Doe,,See policy in Legal Documents.,
EXAMPLE — Prepare estate inventory,Ongoing,To Do,Jane Doe,,Track in Executor Expenses; photos of valuables.,
