Pack_Name,Coverage,Notes
Jewish Traditions Pack,"Sitting shiva, kaddish options, customary timelines, memorial contributions, food coordination.",Adapt language & customs to family preferences.
Christian Traditions Pack,"Service styles (Mass vs. Celebration of Life), readings, hymns, fellowship meal coordination.",Work with clergy or family lead.
Muslim Traditions Pack,"Washing & shrouding, Janazah guidelines, cemetery arrangements, charity (sadaqah).",Consult local community practices.
Hindu Traditions Pack,"Rituals, priest coordination, ashes immersion, remembrance days.",Respect family customs and regional differences.
