Name,Icon,Summary,Target_DB,Suggested_View
Welcome / Start Here,🌿,A gentle walkthrough to help you begin — one step at a time.,WELCOME_COPY,Full Page
Your Progress,✅,"See how far you’ve come and what’s next, without pressure.",PROGRESS_TRACKER,Board
Helping Hands (Executor Toolkit),🛟,A loving guide for the people you trust most.,EXECUTOR_FIRST_48H,Board
Affairs & Essentials,📑,"Identity, finances, insurance, property, pets — all the practicals.",PERSONAL_INFO,Board
Funeral & Memorial,🌸,"Preferences, music & readings, logistics, budget.",FUNERAL_PREFERENCES,Board
Digital Legacy,🌐,"Online accounts, devices, domains — with how‑to guides.",DIGITAL_ACCOUNTS,Board
Life & Legacy,💌,"Ethical will, legacy letters, reflections, gratitude, life calendar.",ETHICAL_WILL,Board
Cultural & Global Options,🌍,Adapt for your traditions and languages.,CULTURAL_PACKS_INDEX,List
Updates,🛠️,Yearly refreshes to keep everything current.,UPDATE_LOG,List
