Section,Body_MD
Tagline,"**Peace of Mind OS** — Everything your loved ones will need, in one gentle place."
Differentiators,"- Holistic: practical affairs + emotional legacy + digital + funeral.
- Executor‑friendly: first 48 hours, binder export, wallet card.
- Subtle cost saver: be prepared and avoid unnecessary fees.
- Warm design & tone: a companion, not a checklist.
- Annual refresh: Apple/Google/social updates, cultural packs."
Legal Note,"This template is a guide and organizational tool, not a substitute for professional legal advice."
