Item,Area,Helpful_Text,Done
Add your key contacts,Affairs,Start with the people who matter most.,False
List your main bank & investment accounts,Affairs,Just institution name and account endings are enough.,False
Choose a few funeral preferences,Funeral,"Music, readings, or simply the feel you want.",False
Add 3 online accounts to Digital Legacy,Digital,Focus on the important ones first.,False
Write one short legacy note to someone you love,Legacy,It can be a sentence. Heartfelt is enough.,False
Skim the First 48 Hours checklist,Executor,Helps your loved ones feel supported.,False
Optional: add to your Gratitude Journal,Legacy,A quiet place for appreciation.,False
